class_id,class_name,total_sessions,total_students,dominant_emotion,avg_intensity,avg_tiredness,absence_rate,trend,priority_level,recommended_activities,recommended_duration,last_session
d9f27ad3-bb26-453e-bf22-d33e150e16cb,Class 12X,198,28,EXCITED,0.998,3.9,0.003,stable,HIGH,Hands-on experiments; Interactive presentations; Movement breaks; Brainstorming sessions,15-25 minutes,2025-03-05T03:56:43.614000+00:00
6f848a37-e9ab-438a-86fc-23f809ca7ca5,Class 4T,168,33,HAPPY,0.572,3.54,0.072,stable,MEDIUM,Group discussion; Creative projects; Peer teaching; Team building games,20-30 minutes,2025-02-19T04:39:48.804000+00:00
07e78b6a-c338-4ce2-8dcc-ef03ba502f13,Class 6W,162,36,HAPPY,0.388,3.58,0.0,declining,HIGH,Group discussion; Creative projects; Peer teaching; Team building games,20-30 minutes,2025-03-05T03:29:30.366000+00:00
4fab079b-4208-46b8-b1c8-7d9ec8029743,Class 2H,160,36,HAPPY,0.474,3.77,0.003,declining,HIGH,Group discussion; Creative projects; Peer teaching; Team building games,20-30 minutes,2025-03-06T03:59:30.568000+00:00
476f8ef0-5f55-4f4f-ba66-8bb42b5efd21,Class 2Q,159,36,HAPPY,0.75,4.35,0.016,improving,HIGH,Group discussion; Creative projects; Peer teaching; Team building games,5-15 minutes,2025-03-07T04:15:51.243000+00:00
299a0245-942a-4197-874e-186e70b45ae5,Class 1E,158,30,HAPPY,0.676,4.03,0.02,declining,HIGH,Group discussion; Creative projects; Peer teaching; Team building games,5-15 minutes,2025-03-07T03:29:31.194000+00:00
7845da9c-8726-4e3c-963f-f12b3877799f,Class 6K,156,38,HAPPY,0.677,4.19,0.097,declining,HIGH,Group discussion; Creative projects; Peer teaching; Team building games,5-15 minutes,2025-03-06T03:59:30.973000+00:00
43abc9a0-6e39-45a2-bac3-cc8c33170c98,Class 4V,156,69,HAPPY,0.496,3.83,0.013,stable,MEDIUM,Group discussion; Creative projects; Peer teaching; Team building games,20-30 minutes,2025-02-19T04:51:00.285000+00:00
31e0721e-8392-4f83-9f27-3513e017d847,Class 2V,154,34,HAPPY,0.55,3.47,0.05,stable,MEDIUM,Group discussion; Creative projects; Peer teaching; Team building games,20-30 minutes,2025-02-19T04:42:40.933000+00:00
083bc44a-d735-46f9-bc0a-d9b4d93efcbe,Class 8L,153,34,HAPPY,0.64,3.76,0.0,declining,HIGH,Group discussion; Creative projects; Peer teaching; Team building games,20-30 minutes,2025-03-07T03:29:31.424000+00:00
a5229eb0-f28d-4403-afcd-918b20391ae4,Class 4U,151,36,HAPPY,0.571,3.57,0.078,declining,HIGH,Group discussion; Creative projects; Peer teaching; Team building games,20-30 minutes,2025-03-05T03:29:30.663000+00:00
9e594938-e11f-488e-a154-9ad5643c1f34,Class 4F,151,32,HAPPY,0.793,4.25,0.035,stable,HIGH,Group discussion; Creative projects; Peer teaching; Team building games,5-15 minutes,2025-03-06T03:50:10.445000+00:00
727734a0-e1ef-46e3-b9c9-dd61eb7d99ef,Class 2L,150,33,HAPPY,1.0,4.53,0.126,stable,HIGH,Group discussion; Creative projects; Peer teaching; Team building games,5-15 minutes,2025-03-07T03:52:06.580000+00:00
60b1c282-afc6-4316-b2fd-8f81af4b6e96,Class 3X,149,31,HAPPY,1.0,4.31,0.165,stable,HIGH,Group discussion; Creative projects; Peer teaching; Team building games,5-15 minutes,2025-03-06T03:54:49.046000+00:00
a5e07409-c928-420f-bd4b-8bc467dfa542,Class 10G,148,34,HAPPY,1.0,4.63,0.048,stable,HIGH,Group discussion; Creative projects; Peer teaching; Team building games,5-15 minutes,2025-03-06T03:46:37.154000+00:00
5afa6b23-96b2-47ae-b92b-3803358dea33,Class 1B,147,36,HAPPY,1.0,4.5,0.004,stable,HIGH,Group discussion; Creative projects; Peer teaching; Team building games,5-15 minutes,2025-03-06T03:39:53.993000+00:00
f74856c3-b0f2-4864-98b3-b6efb95134a9,Class 7Z,147,35,HAPPY,1.0,4.36,0.017,stable,HIGH,Group discussion; Creative projects; Peer teaching; Team building games,5-15 minutes,2025-03-07T03:52:08.886000+00:00
dddbed94-5b9e-4b07-81ee-f25e45b14f20,Class 12Q,147,30,HAPPY,0.569,3.62,0.014,declining,HIGH,Group discussion; Creative projects; Peer teaching; Team building games,20-30 minutes,2025-02-26T03:29:30.077000+00:00
002f3205-3fc1-465e-8104-e0d90c7427b4,Class 10A,147,34,HAPPY,0.831,3.9,0.001,declining,HIGH,Group discussion; Creative projects; Peer teaching; Team building games,20-30 minutes,2025-02-24T02:59:30.744000+00:00
3890f3e7-b7e7-459d-8644-995e46866063,Class 9M,146,33,HAPPY,0.81,4.45,0.01,declining,HIGH,Group discussion; Creative projects; Peer teaching; Team building games,5-15 minutes,2025-02-19T04:52:48.942000+00:00
86ed166e-e272-402e-9c07-f6f9ad45f00b,Class 3F,146,33,HAPPY,0.552,3.58,0.002,declining,HIGH,Group discussion; Creative projects; Peer teaching; Team building games,20-30 minutes,2025-02-19T04:59:51.205000+00:00
0fbe480c-ebf8-4dfd-9f1b-f8086fb09cb9,Class 12N,145,34,HAPPY,0.711,4.46,0.0,stable,HIGH,Group discussion; Creative projects; Peer teaching; Team building games,5-15 minutes,2025-03-07T02:29:30.882000+00:00
b78fd2cd-503a-40d9-b6ed-63ac3d5770cd,Class 7H,145,32,EXCITED,0.998,4.54,0.083,stable,HIGH,Hands-on experiments; Interactive presentations; Movement breaks; Brainstorming sessions,5-15 minutes,2025-03-07T03:29:31.050000+00:00
fe4f1117-f93a-4e10-bdcc-ee8d4bf6ba85,Class 1H,145,34,HAPPY,0.62,4.09,0.006,declining,HIGH,Group discussion; Creative projects; Peer teaching; Team building games,5-15 minutes,2025-03-05T03:59:31.508000+00:00
f2e00949-20c9-49bf-a25a-e0c2d7497cf0,Class 9Z,145,28,HAPPY,0.712,4.42,0.042,declining,HIGH,Group discussion; Creative projects; Peer teaching; Team building games,5-15 minutes,2025-03-06T03:35:14.181000+00:00
003285ef-1334-43c3-97ec-a32474d5382e,Class 9V,144,39,HAPPY,0.722,4.17,0.0,declining,HIGH,Group discussion; Creative projects; Peer teaching; Team building games,5-15 minutes,2025-03-06T03:59:30.371000+00:00
fec59a4e-2036-4ad9-bc12-8f3431aec60e,Class 2T,144,33,EXCITED,1.0,4.65,0.003,stable,HIGH,Hands-on experiments; Interactive presentations; Movement breaks; Brainstorming sessions,5-15 minutes,2025-03-06T03:44:05.892000+00:00
15662d0c-3fa5-4f36-b239-4a63f999411e,Class 5T,143,33,HAPPY,0.767,4.49,0.046,declining,HIGH,Group discussion; Creative projects; Peer teaching; Team building games,5-15 minutes,2025-03-07T04:14:19.317000+00:00
31af0370-66a2-45f1-8f49-61b216947890,Class 2I,143,30,HAPPY,0.561,3.95,0.007,stable,MEDIUM,Group discussion; Creative projects; Peer teaching; Team building games,20-30 minutes,2025-02-19T05:01:49.356000+00:00
2670737c-ed45-4c74-8db9-02d4cab20c42,Class 10M,142,31,HAPPY,1.0,4.47,0.087,stable,HIGH,Group discussion; Creative projects; Peer teaching; Team building games,5-15 minutes,2025-03-06T04:02:20.915000+00:00
3f233b4d-f0ba-4a75-835b-c01dfe5053c1,Class 1N,142,35,HAPPY,0.83,4.36,0.006,stable,HIGH,Group discussion; Creative projects; Peer teaching; Team building games,5-15 minutes,2025-03-06T03:48:51.541000+00:00
73b62499-9148-442e-b2a0-d13a56970c36,Class 9W,141,34,HAPPY,1.0,4.6,0.077,stable,HIGH,Group discussion; Creative projects; Peer teaching; Team building games,5-15 minutes,2025-03-06T03:50:32.211000+00:00
590ac4bc-8dd9-4473-b635-3bb3b7918f77,Class 9L,141,39,HAPPY,0.493,3.46,0.007,declining,HIGH,Group discussion; Creative projects; Peer teaching; Team building games,20-30 minutes,2025-02-19T03:29:30.082000+00:00
38615874-1c6a-469b-9028-166a98201561,Class 4N,141,33,HAPPY,0.456,3.52,0.033,stable,MEDIUM,Group discussion; Creative projects; Peer teaching; Team building games,20-30 minutes,2025-02-24T03:59:29.792000+00:00
d2feacaf-6b98-465b-af91-b4e806261a35,Class 9V,140,33,HAPPY,0.795,4.49,0.052,stable,HIGH,Group discussion; Creative projects; Peer teaching; Team building games,5-15 minutes,2025-03-07T04:49:14.981000+00:00
7ef8e858-cf04-454b-b1ca-2216a27c2c67,Class 1D,139,29,HAPPY,0.86,4.51,0.107,stable,HIGH,Group discussion; Creative projects; Peer teaching; Team building games,5-15 minutes,2025-03-07T03:48:24.345000+00:00
6e36461c-532f-4953-a69b-949719c7533e,Class 5M,138,33,HAPPY,1.0,4.45,0.063,stable,HIGH,Group discussion; Creative projects; Peer teaching; Team building games,5-15 minutes,2025-03-06T03:54:31.927000+00:00
45d3b747-dbb6-41b3-89de-68892ad5bc94,Class 2J,138,34,HAPPY,0.665,4.51,0.068,stable,HIGH,Group discussion; Creative projects; Peer teaching; Team building games,5-15 minutes,2025-03-07T02:48:56.482000+00:00
8e1c4bee-c3d7-4c22-b4c3-6a448605beab,Class 11T,138,35,HAPPY,0.514,3.44,0.008,stable,MEDIUM,Group discussion; Creative projects; Peer teaching; Team building games,20-30 minutes,2025-02-19T03:59:31.035000+00:00
fed58cd1-4664-4cae-b9a8-26d0d846f24c,Class 12N,138,36,HAPPY,0.622,4.24,0.062,declining,HIGH,Group discussion; Creative projects; Peer teaching; Team building games,5-15 minutes,2025-03-06T03:29:29.486000+00:00
61988215-68b1-4c19-8e70-8ddbca8f5106,Class 12L,138,33,HAPPY,0.655,3.5,0.028,stable,MEDIUM,Group discussion; Creative projects; Peer teaching; Team building games,20-30 minutes,2025-03-07T03:29:30.186000+00:00
b1f213e8-5430-423a-b4a6-b761981234df,Class 11Z,137,31,HAPPY,0.657,4.27,0.0,stable,HIGH,Group discussion; Creative projects; Peer teaching; Team building games,5-15 minutes,2025-03-07T02:29:29.789000+00:00
ad451a96-2a18-4299-a13b-4d3af86f445d,Class 9T,137,31,HAPPY,0.901,4.63,0.001,improving,HIGH,Group discussion; Creative projects; Peer teaching; Team building games,5-15 minutes,2025-03-07T02:39:55.961000+00:00
db031dc7-ee54-4b7a-888c-64d796f99e52,Class 9M,135,35,HAPPY,1.0,4.62,0.101,stable,HIGH,Group discussion; Creative projects; Peer teaching; Team building games,5-15 minutes,2025-03-07T03:37:22.143000+00:00
8ccf6bcf-e7be-46aa-ad7b-4e118db6f243,Class 9P,134,38,HAPPY,0.664,4.05,0.078,declining,HIGH,Group discussion; Creative projects; Peer teaching; Team building games,5-15 minutes,2025-03-06T01:51:04.597000+00:00
e2bcb306-f002-4feb-b7be-9d44d4cea520,Class 12L,134,32,HAPPY,0.845,4.46,0.067,stable,HIGH,Group discussion; Creative projects; Peer teaching; Team building games,5-15 minutes,2025-03-07T04:17:23.206000+00:00
9bebf5b2-9e00-4896-b259-9d2c751f1c5e,Class 6K,134,37,HAPPY,0.841,4.79,0.002,improving,HIGH,Group discussion; Creative projects; Peer teaching; Team building games,5-15 minutes,2025-03-07T02:49:08.206000+00:00
104d0a56-9b6d-41f6-8faa-b96a36f21952,Class 7J,133,34,HAPPY,0.562,4.07,0.07,declining,HIGH,Group discussion; Creative projects; Peer teaching; Team building games,5-15 minutes,2025-03-07T02:29:30.225000+00:00
974628a5-697f-478c-b6aa-f44c27947cca,Class 7Z,133,33,HAPPY,0.739,4.6,0.068,improving,HIGH,Group discussion; Creative projects; Peer teaching; Team building games,5-15 minutes,2025-03-06T03:43:45.834000+00:00
d6da092b-1fd2-437b-858a-1caf581eb022,Class 9X,132,31,HAPPY,0.462,3.77,0.027,declining,HIGH,Group discussion; Creative projects; Peer teaching; Team building games,20-30 minutes,2025-02-20T03:29:29.285000+00:00
d009f822-242b-412d-9d7f-c6e139d68261,Class 2G,132,34,HAPPY,0.598,4.22,0.068,declining,HIGH,Group discussion; Creative projects; Peer teaching; Team building games,5-15 minutes,2025-02-19T04:50:52.712000+00:00
e4d21366-9927-4fb3-a9c0-2f8c4653c118,Class 10R,132,36,HAPPY,0.518,3.69,0.0,declining,HIGH,Group discussion; Creative projects; Peer teaching; Team building games,20-30 minutes,2025-01-29T03:59:31.353000+00:00
0c1b57c5-5aa1-4fc3-89cb-fd2a86711847,Class 3Y,132,34,HAPPY,0.735,4.62,0.061,stable,HIGH,Group discussion; Creative projects; Peer teaching; Team building games,5-15 minutes,2025-03-07T02:29:30.484000+00:00
c93cf06d-4c55-40fc-b655-f7bcd22eb5ec,Class 1R,131,30,HAPPY,0.503,3.36,0.0,declining,HIGH,Group discussion; Creative projects; Peer teaching; Team building games,20-30 minutes,2025-02-26T04:13:15.889000+00:00
b1f2df60-556b-4ba7-a62a-a71e424309a4,Class 1H,131,38,HAPPY,0.636,4.15,0.063,declining,HIGH,Group discussion; Creative projects; Peer teaching; Team building games,5-15 minutes,2025-03-06T03:29:29.447000+00:00
7dc9b2c6-63ab-4d26-926e-d9c705158e7c,Class 12D,130,31,HAPPY,0.482,3.49,0.028,declining,HIGH,Group discussion; Creative projects; Peer teaching; Team building games,20-30 minutes,2025-03-05T03:59:32.234000+00:00
6f83c644-6230-47cd-b1d4-3da7085dcab5,Class 2L,130,34,HAPPY,0.751,4.4,0.002,declining,HIGH,Group discussion; Creative projects; Peer teaching; Team building games,5-15 minutes,2025-03-07T01:59:31.764000+00:00
c5719ebe-79d5-4cd1-8c72-2ab4c48e7152,Class 10S,130,38,HAPPY,0.772,4.72,0.003,stable,HIGH,Group discussion; Creative projects; Peer teaching; Team building games,5-15 minutes,2025-03-07T02:40:43.723000+00:00
b0ab0362-959c-4572-861f-e1042994cffd,Class 5M,130,33,HAPPY,0.996,4.5,0.099,stable,HIGH,Group discussion; Creative projects; Peer teaching; Team building games,5-15 minutes,2025-03-07T03:15:28.162000+00:00
864331ef-1928-472d-9dbc-4a900fe34279,Class 5A,129,32,HAPPY,0.706,4.48,0.034,stable,HIGH,Group discussion; Creative projects; Peer teaching; Team building games,5-15 minutes,2025-03-07T03:52:56.271000+00:00
bbaef8a1-62a7-4292-b0b6-245719c6278a,Class 5X,128,32,HAPPY,0.645,3.67,0.012,declining,HIGH,Group discussion; Creative projects; Peer teaching; Team building games,20-30 minutes,2025-03-06T03:59:29.877000+00:00
602ef40c-1cc3-4940-80ca-7240f48121e8,Class 9O,128,34,HAPPY,0.822,4.59,0.0,stable,HIGH,Group discussion; Creative projects; Peer teaching; Team building games,5-15 minutes,2025-03-07T04:20:56.919000+00:00
a88b6c0d-f27f-4445-b621-110113a5a701,Class 11A,128,33,HAPPY,0.788,4.09,0.067,stable,HIGH,Group discussion; Creative projects; Peer teaching; Team building games,5-15 minutes,2025-03-06T04:05:27.312000+00:00
39030cc0-d6f5-44bb-86ba-8638736855e0,Class 8O,127,31,HAPPY,0.998,4.66,0.001,stable,HIGH,Group discussion; Creative projects; Peer teaching; Team building games,5-15 minutes,2025-03-07T02:37:00.382000+00:00
e8658613-e2e8-42a7-a159-fc38608f2d36,Class 4A,127,33,HAPPY,0.805,4.64,0.062,stable,HIGH,Group discussion; Creative projects; Peer teaching; Team building games,5-15 minutes,2025-03-07T04:42:20.367000+00:00
4cc6c462-2a72-4a2a-b890-0ade10381332,Class 5P,127,35,HAPPY,1.0,4.54,0.0,stable,HIGH,Group discussion; Creative projects; Peer teaching; Team building games,5-15 minutes,2025-03-05T04:09:10.527000+00:00
6887da6f-3ea6-4b8b-ac34-a2955c884a56,Class 12O,127,31,HAPPY,0.762,4.24,0.019,stable,HIGH,Group discussion; Creative projects; Peer teaching; Team building games,5-15 minutes,2025-03-07T04:14:11.738000+00:00
2816ccef-94a4-4d49-8892-e726a4eec97c,Class 9Z,126,31,HAPPY,0.999,4.68,0.093,stable,HIGH,Group discussion; Creative projects; Peer teaching; Team building games,5-15 minutes,2025-03-07T02:59:30.388000+00:00
14607736-aee5-40b2-a45a-54ddbd9c9f9b,Class 11A,126,33,HAPPY,0.652,4.2,0.039,stable,HIGH,Group discussion; Creative projects; Peer teaching; Team building games,5-15 minutes,2025-03-07T02:29:29.786000+00:00
9373cc9f-2f1c-4b14-b3c1-0755d0d886ff,Class 11A,126,31,HAPPY,0.998,4.13,0.086,stable,HIGH,Group discussion; Creative projects; Peer teaching; Team building games,5-15 minutes,2025-03-07T03:07:33.609000+00:00
917e6e5e-bd54-4a71-aa24-5d7366f19c73,Class 7O,126,32,HAPPY,0.816,4.51,0.0,stable,HIGH,Group discussion; Creative projects; Peer teaching; Team building games,5-15 minutes,2025-03-07T03:03:47.589000+00:00
e8d96f86-ebf3-4055-bb2f-865012e9c090,Class 3X,126,31,HAPPY,1.0,4.62,0.083,stable,HIGH,Group discussion; Creative projects; Peer teaching; Team building games,5-15 minutes,2025-03-07T02:57:16.565000+00:00
ac055c03-e54d-46b0-8ce0-d7bddb4c2d80,Class 2H,125,32,HAPPY,0.594,3.98,0.0,declining,HIGH,Group discussion; Creative projects; Peer teaching; Team building games,20-30 minutes,2025-03-04T03:59:30.416000+00:00
c0d0d60c-03e6-4b9f-80ae-7b7ca1015e7a,Class 12J,125,31,HAPPY,0.587,3.75,0.013,stable,MEDIUM,Group discussion; Creative projects; Peer teaching; Team building games,20-30 minutes,2025-02-19T04:57:30.042000+00:00
b3dcc5cf-f1cc-4c08-be88-8c79e0255efe,Class 10J,124,32,HAPPY,0.865,4.73,0.0,stable,HIGH,Group discussion; Creative projects; Peer teaching; Team building games,5-15 minutes,2025-03-07T04:22:49.842000+00:00
78fb554b-32d9-4da7-b881-834ab10580c1,Class 2Q,124,33,HAPPY,0.859,4.46,0.001,stable,HIGH,Group discussion; Creative projects; Peer teaching; Team building games,5-15 minutes,2025-03-07T03:11:32.666000+00:00
47156397-dc6d-4d28-9fcf-e4912642a5cf,Class 10M,124,31,HAPPY,0.826,4.62,0.0,stable,HIGH,Group discussion; Creative projects; Peer teaching; Team building games,5-15 minutes,2025-03-06T02:45:39.132000+00:00
1c067289-3948-4b5c-8328-84b66a2d0aed,Class 2Z,124,29,HAPPY,0.492,3.74,0.0,declining,HIGH,Group discussion; Creative projects; Peer teaching; Team building games,20-30 minutes,2025-02-20T03:59:29.861000+00:00
a475e35c-a21b-49a5-be4b-8a52f2e7e745,Class 7A,124,34,HAPPY,0.556,3.51,0.037,declining,HIGH,Group discussion; Creative projects; Peer teaching; Team building games,20-30 minutes,2025-02-17T03:59:32.989000+00:00
3063e3d8-ad29-4cfe-b91a-7ad1be6bb84c,Class 9M,123,31,EXCITED,1.0,4.84,0.114,stable,HIGH,Hands-on experiments; Interactive presentations; Movement breaks; Brainstorming sessions,5-15 minutes,2025-03-07T02:45:50.752000+00:00
d82a2cd9-60b1-4377-bbcf-fbf2257ece2a,Class 10J,122,32,HAPPY,0.794,4.59,0.0,stable,HIGH,Group discussion; Creative projects; Peer teaching; Team building games,5-15 minutes,2025-03-07T04:17:51.619000+00:00
97045756-e77b-4af0-a722-6fba627f5660,Class 2L,122,31,EXCITED,0.998,4.83,0.06,stable,HIGH,Hands-on experiments; Interactive presentations; Movement breaks; Brainstorming sessions,5-15 minutes,2025-03-07T03:04:34.016000+00:00
672fda93-4e49-45ae-a1e9-63baa4e8052e,Class 11G,121,32,HAPPY,0.698,4.38,0.0,declining,HIGH,Group discussion; Creative projects; Peer teaching; Team building games,5-15 minutes,2025-03-07T03:59:30.048000+00:00
dcc2372f-5668-4489-9fe4-03793ad2c6e5,Class 12W,121,33,HAPPY,0.59,4.08,0.01,stable,HIGH,Group discussion; Creative projects; Peer teaching; Team building games,5-15 minutes,2025-02-19T05:02:11.045000+00:00
1bea78bd-81fd-47c3-b3d9-02c60ee7e63d,Class 1E,121,32,HAPPY,0.838,4.4,0.001,stable,HIGH,Group discussion; Creative projects; Peer teaching; Team building games,5-15 minutes,2025-03-07T02:44:36.163000+00:00
fc51d43b-d4d0-4aeb-be25-b6ff571ba4c6,Class 11A,121,31,HAPPY,0.69,4.04,0.003,declining,HIGH,Group discussion; Creative projects; Peer teaching; Team building games,5-15 minutes,2025-03-06T03:53:13.982000+00:00
7fae2fc0-8801-498b-b98c-344bc3b40270,Class 10I,120,35,HAPPY,0.56,3.96,0.019,declining,HIGH,Group discussion; Creative projects; Peer teaching; Team building games,20-30 minutes,2025-02-20T03:29:30.534000+00:00
809d2e6c-01ad-406b-ae64-c00513a8bde0,Class 1Q,120,26,HAPPY,0.507,3.53,0.004,declining,HIGH,Group discussion; Creative projects; Peer teaching; Team building games,20-30 minutes,2025-02-24T03:29:29.628000+00:00
076cbf35-cc2f-4215-b61c-472914d23953,Class 6W,120,29,HAPPY,0.602,4.1,0.001,declining,HIGH,Group discussion; Creative projects; Peer teaching; Team building games,5-15 minutes,2025-02-27T03:59:29.881000+00:00
79f91ab7-b34f-458d-9d65-f552ce05e93d,Class 3C,120,28,HAPPY,0.481,4.0,0.001,stable,MEDIUM,Group discussion; Creative projects; Peer teaching; Team building games,20-30 minutes,2025-02-24T03:59:29.330000+00:00
d87e6036-ce2d-4236-bf74-f567f67dc8c1,Class 4Q,119,36,EXCITED,1.0,4.53,0.0,stable,HIGH,Hands-on experiments; Interactive presentations; Movement breaks; Brainstorming sessions,5-15 minutes,2025-03-07T03:39:08.125000+00:00
d7bacc85-1cfe-430f-80d2-3843b150ab57,Class 6N,119,32,EXCITED,1.0,4.53,0.0,stable,HIGH,Hands-on experiments; Interactive presentations; Movement breaks; Brainstorming sessions,5-15 minutes,2025-03-07T03:10:23.770000+00:00
482c7f18-cddd-4bdc-8247-92b5a4a7733e,Class 2P,119,33,HAPPY,0.674,4.07,0.001,stable,HIGH,Group discussion; Creative projects; Peer teaching; Team building games,5-15 minutes,2025-03-07T04:22:18.194000+00:00
bcf48b75-9c05-4aea-a66c-fd41913c3c40,Class 6I,119,35,HAPPY,0.543,3.57,0.072,stable,MEDIUM,Group discussion; Creative projects; Peer teaching; Team building games,20-30 minutes,2025-02-19T04:56:19.802000+00:00
fb97931b-29c0-4927-a487-b90a47f4f193,Class 8G,119,35,HAPPY,0.625,3.78,0.023,declining,HIGH,Group discussion; Creative projects; Peer teaching; Team building games,20-30 minutes,2025-03-06T03:59:31.438000+00:00
1c44805b-ca90-4a15-a14c-05694389782f,Class 5P,119,32,HAPPY,0.857,4.67,0.0,improving,HIGH,Group discussion; Creative projects; Peer teaching; Team building games,5-15 minutes,2025-03-07T04:08:01.096000+00:00
6a9c4ced-3a53-46b0-8a89-68556b63b5bd,Class 9V,119,35,HAPPY,0.717,4.37,0.0,stable,HIGH,Group discussion; Creative projects; Peer teaching; Team building games,5-15 minutes,2025-03-07T03:17:18.289000+00:00
4ec7fd9b-ced4-401e-b526-e83bf096c1ca,Class 3V,119,34,HAPPY,0.613,3.94,0.051,declining,HIGH,Group discussion; Creative projects; Peer teaching; Team building games,20-30 minutes,2025-03-07T03:59:59.095000+00:00
4e8d4046-3a88-4089-90cf-1175200d5981,Class 3I,119,32,HAPPY,0.801,4.58,0.002,stable,HIGH,Group discussion; Creative projects; Peer teaching; Team building games,5-15 minutes,2025-03-07T04:06:51.177000+00:00
006ebdb6-35ab-417a-81fa-e570143e81dc,Class 5Z,119,33,HAPPY,0.998,4.89,0.027,stable,HIGH,Group discussion; Creative projects; Peer teaching; Team building games,5-15 minutes,2025-03-07T03:05:33.705000+00:00
d8bbd20e-866b-4272-a02c-184d3fea3242,Class 7K,118,33,HAPPY,0.668,4.17,0.0,declining,HIGH,Group discussion; Creative projects; Peer teaching; Team building games,5-15 minutes,2025-03-06T03:29:29.255000+00:00
06dbdc20-88ee-489b-9876-79ff1483e8fe,Class 1H,118,31,HAPPY,0.655,4.29,0.0,declining,HIGH,Group discussion; Creative projects; Peer teaching; Team building games,5-15 minutes,2025-03-07T03:01:43.887000+00:00
cf443305-26a6-4638-be8a-f5f2124ff9a3,Class 5Z,118,31,HAPPY,0.988,4.57,0.069,stable,HIGH,Group discussion; Creative projects; Peer teaching; Team building games,5-15 minutes,2025-02-28T03:18:44.659000+00:00
bec2d3be-3c66-48bf-a92b-3cd4acc66280,Class 6K,118,31,HAPPY,0.838,4.44,0.005,declining,HIGH,Group discussion; Creative projects; Peer teaching; Team building games,5-15 minutes,2025-03-07T03:09:10.410000+00:00
7e41eb5c-f623-4356-af4f-974648dd4eb5,Class 7L,117,35,HAPPY,0.728,3.66,0.109,stable,MEDIUM,Group discussion; Creative projects; Peer teaching; Team building games,20-30 minutes,2025-02-19T05:03:32.107000+00:00
bf03284a-263e-4aee-897e-bab1808d004d,Class 5X,117,38,HAPPY,0.688,4.26,0.0,declining,HIGH,Group discussion; Creative projects; Peer teaching; Team building games,5-15 minutes,2025-03-07T03:00:22.099000+00:00
0fe63280-8581-4c4b-a915-9402c6892b21,Class 9E,117,33,HAPPY,0.679,3.87,0.026,declining,HIGH,Group discussion; Creative projects; Peer teaching; Team building games,20-30 minutes,2025-03-06T03:29:29.716000+00:00
0049a21e-bbfb-438f-92ab-1f847fb8ba62,Class 11T,116,43,HAPPY,0.998,4.38,0.004,stable,HIGH,Group discussion; Creative projects; Peer teaching; Team building games,5-15 minutes,2025-03-07T02:59:30.152000+00:00
c3c673e0-45c5-4527-96b1-b587655ca6f2,Class 7I,116,73,HAPPY,0.826,4.64,0.001,improving,HIGH,Group discussion; Creative projects; Peer teaching; Team building games,5-15 minutes,2025-03-07T03:00:24.366000+00:00
ba0a1cc7-72cd-4e8a-8178-7cea1c25c012,Class 12C,115,32,HAPPY,0.84,4.45,0.0,stable,HIGH,Group discussion; Creative projects; Peer teaching; Team building games,5-15 minutes,2025-03-07T04:23:51.812000+00:00
a2cf13b8-e26b-4197-ac02-a53638177530,Class 1B,115,35,HAPPY,0.879,4.86,0.001,stable,HIGH,Group discussion; Creative projects; Peer teaching; Team building games,5-15 minutes,2025-03-07T02:59:29.772000+00:00
104ac756-cd28-426b-b49b-a05f25d6edd9,Class 7Z,115,30,HAPPY,0.998,4.62,0.094,stable,HIGH,Group discussion; Creative projects; Peer teaching; Team building games,5-15 minutes,2025-03-07T02:51:52.581000+00:00
b11781fb-7a23-4115-ba29-980139bedb1b,Class 1N,115,34,EXCITED,0.993,4.95,0.044,stable,HIGH,Hands-on experiments; Interactive presentations; Movement breaks; Brainstorming sessions,5-15 minutes,2025-03-07T02:44:38.342000+00:00
b695fe2f-fdee-4e2e-be5b-3efe211476dc,Class 9A,114,35,HAPPY,0.572,3.79,0.008,stable,MEDIUM,Group discussion; Creative projects; Peer teaching; Team building games,20-30 minutes,2025-03-03T03:59:29.809000+00:00
4845abe8-4329-44b7-9f94-d06b03f72631,Class 11V,114,35,HAPPY,0.704,4.21,0.068,stable,HIGH,Group discussion; Creative projects; Peer teaching; Team building games,5-15 minutes,2025-02-28T03:50:51.961000+00:00
17900efc-81e0-47a6-bf46-e87ed038d1db,Class 5G,113,29,HAPPY,0.511,3.55,0.0,declining,HIGH,Group discussion; Creative projects; Peer teaching; Team building games,20-30 minutes,2025-02-17T02:59:31.096000+00:00
632e2920-ce33-4f78-b971-cf2da4ca751d,Class 7H,113,31,HAPPY,1.0,4.63,0.002,stable,HIGH,Group discussion; Creative projects; Peer teaching; Team building games,5-15 minutes,2025-03-07T02:59:30.067000+00:00
38662ddb-4a6e-4d82-8c7d-951af189970c,Class 10M,113,32,HAPPY,0.645,4.33,0.036,declining,HIGH,Group discussion; Creative projects; Peer teaching; Team building games,5-15 minutes,2025-03-07T02:29:30.929000+00:00
e822bd46-e4f2-4310-95f7-de1ad4a01c24,Class 10G,112,46,HAPPY,1.0,4.51,0.001,stable,HIGH,Group discussion; Creative projects; Peer teaching; Team building games,5-15 minutes,2025-03-07T03:17:59.465000+00:00
6b102557-f6a9-4e67-b6c0-c3fe15e1ea5f,Class 12I,112,37,HAPPY,0.608,3.84,0.002,declining,HIGH,Group discussion; Creative projects; Peer teaching; Team building games,20-30 minutes,2025-02-27T03:59:29.758000+00:00
24d9c33b-b0fb-4a0b-83fa-0ece8ccf352b,Class 8L,111,34,HAPPY,0.622,4.42,0.063,declining,HIGH,Group discussion; Creative projects; Peer teaching; Team building games,5-15 minutes,2025-03-07T03:06:22.505000+00:00
dccba97a-2981-490f-8156-3b1844049acb,Class 10S,110,34,HAPPY,0.642,4.19,0.0,declining,HIGH,Group discussion; Creative projects; Peer teaching; Team building games,5-15 minutes,2025-03-07T04:08:35.953000+00:00
1c8b3796-90e7-4731-9f14-df735f1da171,Class 1A,110,33,HAPPY,0.554,3.42,0.007,improving,MEDIUM,Group discussion; Creative projects; Peer teaching; Team building games,20-30 minutes,2025-03-05T03:29:31.100000+00:00
8ce511b5-e810-480c-bc7d-fa84e84a6580,Class 8M,109,32,HAPPY,0.761,4.43,0.001,stable,HIGH,Group discussion; Creative projects; Peer teaching; Team building games,5-15 minutes,2025-03-07T04:47:28.501000+00:00
03326128-7931-4f4a-a22a-564a2b326dcb,Class 12N,109,34,HAPPY,0.604,3.39,0.074,declining,HIGH,Group discussion; Creative projects; Peer teaching; Team building games,20-30 minutes,2025-02-20T05:06:33.140000+00:00
721a2ad0-239a-4199-8c86-4251e2381d82,Class 7Y,109,29,HAPPY,0.502,3.88,0.046,stable,MEDIUM,Group discussion; Creative projects; Peer teaching; Team building games,20-30 minutes,2025-02-12T04:21:25.858000+00:00
85eb62af-55fe-433c-80c2-7534462cb32d,Class 9E,109,38,HAPPY,0.706,4.13,0.0,stable,HIGH,Group discussion; Creative projects; Peer teaching; Team building games,5-15 minutes,2025-03-07T03:03:42.665000+00:00
42a950d8-75e5-4303-9604-6911c80445f8,Class 4F,108,35,EXCITED,1.0,4.9,0.002,stable,HIGH,Hands-on experiments; Interactive presentations; Movement breaks; Brainstorming sessions,5-15 minutes,2025-03-06T03:13:18.963000+00:00
2c2c67aa-fe45-4cb2-bf9a-7aecfe31df37,Class 9P,108,32,HAPPY,0.785,4.53,0.03,improving,HIGH,Group discussion; Creative projects; Peer teaching; Team building games,5-15 minutes,2025-03-07T03:18:54.049000+00:00
48ea7071-6c7d-4eab-b527-bc1b5bd77434,Class 7Z,108,32,EXCITED,0.998,4.64,0.004,stable,HIGH,Hands-on experiments; Interactive presentations; Movement breaks; Brainstorming sessions,5-15 minutes,2025-03-07T02:55:59.361000+00:00
5caa4822-9e29-4a67-9e44-75d8f29df191,Class 12E,108,37,HAPPY,0.676,4.04,0.008,declining,HIGH,Group discussion; Creative projects; Peer teaching; Team building games,5-15 minutes,2025-02-25T04:00:01.391000+00:00
6e27b0ac-3853-4590-841c-ded4dbfff9e3,Class 2X,107,36,HAPPY,0.591,3.66,0.005,declining,HIGH,Group discussion; Creative projects; Peer teaching; Team building games,20-30 minutes,2025-02-04T03:59:29.158000+00:00
18598790-9570-4f0d-9678-0aeab20c6bce,Class 12W,107,32,HAPPY,0.87,4.81,0.081,stable,HIGH,Group discussion; Creative projects; Peer teaching; Team building games,5-15 minutes,2025-03-07T04:29:42.957000+00:00
0eef8c82-18e2-476a-95f0-d2f36632e528,Class 9W,107,35,HAPPY,1.0,4.59,0.003,stable,HIGH,Group discussion; Creative projects; Peer teaching; Team building games,5-15 minutes,2025-03-07T03:03:24.756000+00:00
774f466f-c890-4e87-ba32-9161c8134081,Class 6P,107,32,HAPPY,1.0,4.31,0.0,stable,HIGH,Group discussion; Creative projects; Peer teaching; Team building games,5-15 minutes,2025-03-07T04:13:42.758000+00:00
b89e9ed4-e112-405d-9a52-c0a2bad72772,Class 1W,105,32,HAPPY,0.781,4.58,0.0,stable,HIGH,Group discussion; Creative projects; Peer teaching; Team building games,5-15 minutes,2025-03-06T04:10:29.389000+00:00
015ea2d7-3cb0-493c-853f-1a0aba1b5c9e,Class 3V,105,32,HAPPY,0.861,4.75,0.0,improving,HIGH,Group discussion; Creative projects; Peer teaching; Team building games,5-15 minutes,2025-03-07T03:12:49.729000+00:00
c5ab524e-2b91-43e9-a90d-ae53c95db989,Class 2L,105,34,HAPPY,0.702,3.95,0.008,declining,HIGH,Group discussion; Creative projects; Peer teaching; Team building games,20-30 minutes,2025-03-07T03:59:30.953000+00:00
3140fcf7-3e62-4847-b1f5-3672feb039bd,Class 4H,104,30,HAPPY,0.613,3.91,0.007,declining,HIGH,Group discussion; Creative projects; Peer teaching; Team building games,20-30 minutes,2025-02-26T03:59:30.865000+00:00
a6d9c68d-cf8d-4e58-8828-b97150b0d415,Class 12J,104,32,HAPPY,0.826,4.59,0.0,improving,HIGH,Group discussion; Creative projects; Peer teaching; Team building games,5-15 minutes,2025-03-07T04:30:07.823000+00:00
782db4dc-bbd2-4878-910f-1468cfb42bc8,Class 5Q,104,40,HAPPY,0.821,4.61,0.083,stable,HIGH,Group discussion; Creative projects; Peer teaching; Team building games,5-15 minutes,2025-03-07T03:00:37.433000+00:00
2f96a585-ba4c-4253-b5e3-351703bc26a7,Class 10Q,104,32,HAPPY,0.82,4.68,0.019,stable,HIGH,Group discussion; Creative projects; Peer teaching; Team building games,5-15 minutes,2025-03-07T04:24:03.929000+00:00
db3ce912-24b4-4ef5-8e19-b4b4b67e9f13,Class 12S,103,32,HAPPY,0.498,3.78,0.07,declining,HIGH,Group discussion; Creative projects; Peer teaching; Team building games,20-30 minutes,2025-02-06T04:35:32.647000+00:00
461b8866-11d4-4500-b7e0-f7acd385e51e,Class 2B,103,32,HAPPY,0.546,4.17,0.023,improving,HIGH,Group discussion; Creative projects; Peer teaching; Team building games,5-15 minutes,2025-02-19T05:03:00.177000+00:00
decbe748-4470-4542-b113-376c00cd2483,Class 12X,102,34,HAPPY,0.997,4.59,0.081,stable,HIGH,Group discussion; Creative projects; Peer teaching; Team building games,5-15 minutes,2025-03-07T02:59:30.137000+00:00
d45987c5-fb9d-4c3f-b2f9-33b8bfd7973c,Class 10K,102,39,HAPPY,0.874,4.54,0.001,declining,HIGH,Group discussion; Creative projects; Peer teaching; Team building games,5-15 minutes,2025-03-07T04:13:15.682000+00:00
5d9cc2a0-2501-44b7-b5f9-34a79d68bf61,Class 6G,101,32,HAPPY,0.704,4.28,0.002,stable,HIGH,Group discussion; Creative projects; Peer teaching; Team building games,5-15 minutes,2025-03-07T04:05:52.534000+00:00
79cca8b6-5326-48ca-9d7e-eaa935eaffbc,Class 10E,101,32,HAPPY,0.796,4.31,0.0,stable,HIGH,Group discussion; Creative projects; Peer teaching; Team building games,5-15 minutes,2025-03-07T04:00:45.881000+00:00
2cde9d03-b1a9-4cf4-afb7-2713a10d66e7,Class 12L,100,34,HAPPY,0.6,4.23,0.0,declining,HIGH,Group discussion; Creative projects; Peer teaching; Team building games,5-15 minutes,2025-02-18T03:19:54.452000+00:00
57ffe5eb-eeac-4b85-a91f-f87964582029,Class 6B,100,35,HAPPY,0.677,3.93,0.012,improving,MEDIUM,Group discussion; Creative projects; Peer teaching; Team building games,20-30 minutes,2025-02-19T07:46:57.752000+00:00
9e67b111-8b86-4d7f-b539-b07c16c15862,Class 2T,100,32,HAPPY,0.999,4.7,0.041,stable,HIGH,Group discussion; Creative projects; Peer teaching; Team building games,5-15 minutes,2025-03-07T03:11:02.322000+00:00
ae877add-a6ac-4acd-bf66-915d7122e384,Class 7J,100,31,HAPPY,0.751,4.7,0.003,declining,HIGH,Group discussion; Creative projects; Peer teaching; Team building games,5-15 minutes,2025-03-06T04:05:45.447000+00:00
74a7b3d1-cc7f-43c3-8545-ccc1bfda607e,Class 8R,100,29,HAPPY,0.904,4.57,0.0,stable,HIGH,Group discussion; Creative projects; Peer teaching; Team building games,5-15 minutes,2025-03-06T03:59:30.844000+00:00
49105327-0453-4e3c-978a-d2c625801683,Class 12J,99,32,HAPPY,0.53,3.55,0.0,declining,HIGH,Group discussion; Creative projects; Peer teaching; Team building games,20-30 minutes,2025-02-07T02:59:29.569000+00:00
5b59862d-51a8-449b-a1c7-afd4cbc71704,Class 7G,99,28,HAPPY,0.375,3.07,0.0,stable,MEDIUM,Group discussion; Creative projects; Peer teaching; Team building games,20-30 minutes,2024-12-09T02:29:32.025000+00:00
c456f68b-b49a-46ad-8d69-b511f66d272e,Class 10Z,98,32,HAPPY,0.583,3.63,0.001,improving,MEDIUM,Group discussion; Creative projects; Peer teaching; Team building games,20-30 minutes,2025-02-04T04:01:12.356000+00:00
1124587c-00fb-4489-8302-a7c3db4b7f2b,Class 8Q,97,30,HAPPY,0.997,4.71,0.028,stable,HIGH,Group discussion; Creative projects; Peer teaching; Team building games,5-15 minutes,2025-03-07T04:10:02.084000+00:00
9e247497-b742-4a3c-9643-1c32d548b421,Class 12Y,97,32,HAPPY,0.659,4.04,0.046,declining,HIGH,Group discussion; Creative projects; Peer teaching; Team building games,5-15 minutes,2025-02-19T04:15:07.052000+00:00
aecced96-8dd6-4bc7-9372-12a0f11264a6,Class 1C,95,35,HAPPY,0.481,3.66,0.025,stable,MEDIUM,Group discussion; Creative projects; Peer teaching; Team building games,20-30 minutes,2025-02-14T01:59:30.145000+00:00
3cfb47de-2a49-4437-b11b-b3c494e0b65f,Class 5J,94,29,HAPPY,0.421,3.2,0.003,declining,HIGH,Group discussion; Creative projects; Peer teaching; Team building games,20-30 minutes,2025-02-20T03:59:30.096000+00:00
b1810462-8d41-4694-898e-9b584a31794d,Class 5G,93,37,HAPPY,0.597,3.89,0.0,stable,MEDIUM,Group discussion; Creative projects; Peer teaching; Team building games,20-30 minutes,2025-01-15T03:29:29.745000+00:00
ef9bea77-fddb-490d-a2d0-e1cb7cf76622,Class 1D,91,35,HAPPY,0.998,4.56,0.007,stable,HIGH,Group discussion; Creative projects; Peer teaching; Team building games,5-15 minutes,2025-03-07T03:05:13.149000+00:00
be53d83e-5572-4e1a-a789-394200759993,Class 8C,89,33,HAPPY,0.713,3.8,0.005,stable,MEDIUM,Group discussion; Creative projects; Peer teaching; Team building games,20-30 minutes,2025-02-18T04:54:13.641000+00:00
8b8343af-06d2-4922-8f66-af0abb8c8d42,Class 3K,89,31,HAPPY,0.875,4.61,0.005,stable,HIGH,Group discussion; Creative projects; Peer teaching; Team building games,5-15 minutes,2025-03-07T04:29:29.641000+00:00
f6111951-4eb1-4da9-b4bb-02eee64ac2c2,Class 4X,89,35,HAPPY,1.0,4.62,0.0,stable,HIGH,Group discussion; Creative projects; Peer teaching; Team building games,5-15 minutes,2025-03-07T04:21:23.451000+00:00
79fc606b-f8f3-4333-b767-5498894ff98d,Class 9G,88,26,HAPPY,0.571,3.72,0.0,declining,HIGH,Group discussion; Creative projects; Peer teaching; Team building games,20-30 minutes,2025-02-20T04:05:59.478000+00:00
b6e9e5f8-5a4b-4b2c-9e50-515b214a2e34,Class 6L,88,34,HAPPY,0.994,4.51,0.0,stable,HIGH,Group discussion; Creative projects; Peer teaching; Team building games,5-15 minutes,2025-03-07T04:46:26.835000+00:00
a89a614f-56bd-41e6-9c39-64e96fedee1c,Class 10X,88,33,HAPPY,0.521,3.38,0.081,stable,MEDIUM,Group discussion; Creative projects; Peer teaching; Team building games,20-30 minutes,2025-02-07T03:37:29.586000+00:00
043337cd-d81e-4eaf-898f-ae7b10e2d430,Class 12B,88,35,HAPPY,0.857,4.39,0.0,improving,HIGH,Group discussion; Creative projects; Peer teaching; Team building games,5-15 minutes,2025-03-05T04:31:38.745000+00:00
16120bdf-8558-4a45-978e-e9a26dc90d06,Class 8L,87,28,HAPPY,1.0,4.22,0.249,stable,HIGH,Group discussion; Creative projects; Peer teaching; Team building games,5-15 minutes,2025-03-07T04:43:54.360000+00:00
2b82403a-eda7-449d-a68a-bd9999bec02c,Class 6N,86,32,HAPPY,0.8,4.65,0.0,stable,HIGH,Group discussion; Creative projects; Peer teaching; Team building games,5-15 minutes,2025-03-07T04:17:15.063000+00:00
8361e50a-54a0-4b3f-89ab-998e658915a6,Class 8M,85,31,EXCITED,1.0,4.64,0.018,stable,HIGH,Hands-on experiments; Interactive presentations; Movement breaks; Brainstorming sessions,5-15 minutes,2025-03-07T04:16:54.738000+00:00
bbd11ce8-3614-442e-b30e-709468dd5301,Class 12F,82,32,HAPPY,0.698,4.28,0.0,declining,HIGH,Group discussion; Creative projects; Peer teaching; Team building games,5-15 minutes,2025-03-05T04:23:02.264000+00:00
49ea15ec-6d1b-4a41-8501-afac7111e549,Class 6G,81,34,HAPPY,0.661,3.82,0.0,declining,HIGH,Group discussion; Creative projects; Peer teaching; Team building games,20-30 minutes,2025-02-19T05:26:40.372000+00:00
4a0d0bf7-ace3-4649-8075-ff44d6f7a250,Class 5P,80,34,HAPPY,0.998,4.55,0.027,stable,HIGH,Group discussion; Creative projects; Peer teaching; Team building games,5-15 minutes,2025-03-07T03:14:02.210000+00:00
908274ac-a1ae-42b3-ba07-9835de66dccf,Class 6P,80,36,HAPPY,1.0,4.75,0.078,stable,HIGH,Group discussion; Creative projects; Peer teaching; Team building games,5-15 minutes,2025-03-07T04:14:01.658000+00:00
6c4176ed-7413-4fe1-b3a7-7347577e1bc3,Class 4G,79,35,HAPPY,0.996,4.51,0.02,stable,HIGH,Group discussion; Creative projects; Peer teaching; Team building games,5-15 minutes,2025-03-07T03:55:26.963000+00:00
dbb6ff9e-efd8-41df-b6c3-f64d59c77942,Class 8C,78,33,HAPPY,0.722,4.35,0.038,declining,HIGH,Group discussion; Creative projects; Peer teaching; Team building games,5-15 minutes,2025-02-18T10:02:23.659000+00:00
2331946b-2515-4e70-9cdd-6777d1fba817,Class 6X,78,33,HAPPY,0.695,4.09,0.04,stable,HIGH,Group discussion; Creative projects; Peer teaching; Team building games,5-15 minutes,2025-02-18T04:51:44.961000+00:00
6595efb9-4adc-40a9-946d-eec32547d2af,Class 9Q,77,33,HAPPY,0.614,3.83,0.061,declining,HIGH,Group discussion; Creative projects; Peer teaching; Team building games,20-30 minutes,2025-02-18T04:59:01.911000+00:00
4bc4933c-de2c-4b7e-958c-7ef56768fb23,Class 9K,77,38,HAPPY,0.671,3.91,0.15,declining,HIGH,Group discussion; Creative projects; Peer teaching; Team building games,20-30 minutes,2025-01-17T06:23:47.679000+00:00
aa1c50e8-eecd-48c0-81ff-d27401ca5a54,Class 1I,77,31,EXCITED,1.0,4.45,0.001,stable,HIGH,Hands-on experiments; Interactive presentations; Movement breaks; Brainstorming sessions,5-15 minutes,2025-03-07T04:13:24.298000+00:00
cd83404e-53da-4a5d-bdc9-401f02aef50f,Class 7K,77,36,HAPPY,0.668,4.51,0.002,declining,HIGH,Group discussion; Creative projects; Peer teaching; Team building games,5-15 minutes,2025-02-25T08:39:45.535000+00:00
10dd3763-e8af-48b0-a6b2-4c0e05d8f384,Class 4L,76,33,HAPPY,0.518,3.49,0.0,declining,HIGH,Group discussion; Creative projects; Peer teaching; Team building games,20-30 minutes,2024-12-11T03:29:33.311000+00:00
3cb7cd68-8049-4eb7-b020-30d1706cc85d,Class 6S,76,27,HAPPY,0.584,3.69,0.0,declining,HIGH,Group discussion; Creative projects; Peer teaching; Team building games,20-30 minutes,2025-01-29T03:59:29.786000+00:00
166d6a19-31bb-48e3-9309-78859552c412,Class 9W,76,38,HAPPY,0.93,4.63,0.0,stable,HIGH,Group discussion; Creative projects; Peer teaching; Team building games,5-15 minutes,2025-03-07T04:13:31.918000+00:00
8e64ae85-5fd4-4179-be28-169c314a2359,Class 1K,75,30,HAPPY,0.999,4.26,0.0,stable,HIGH,Group discussion; Creative projects; Peer teaching; Team building games,5-15 minutes,2025-03-07T04:28:44.608000+00:00
dcaff4a1-e568-4490-b360-2de84c759a68,Class 4Y,75,27,HAPPY,0.476,3.45,0.005,declining,HIGH,Group discussion; Creative projects; Peer teaching; Team building games,20-30 minutes,2024-12-11T03:29:33.372000+00:00
06f86f82-3f7b-494f-a8b1-861cd6fd6cd1,Class 4R,74,37,HAPPY,0.409,3.54,0.037,declining,HIGH,Group discussion; Creative projects; Peer teaching; Team building games,20-30 minutes,2025-02-17T03:14:35.575000+00:00
01847e96-1a7d-4fca-809a-373c9108810c,Class 7Q,73,32,HAPPY,0.806,4.13,0.0,declining,HIGH,Group discussion; Creative projects; Peer teaching; Team building games,5-15 minutes,2025-02-26T04:29:31.684000+00:00
e1edabf4-a1ef-4afa-aa1c-04a710f07ff6,Class 8P,73,32,HAPPY,0.6,3.52,0.087,stable,MEDIUM,Group discussion; Creative projects; Peer teaching; Team building games,20-30 minutes,2025-02-18T05:00:57.481000+00:00
2578185a-1ed5-45ee-adb2-8ea8a16c9cb5,Class 6K,73,26,HAPPY,0.444,3.86,0.008,declining,HIGH,Group discussion; Creative projects; Peer teaching; Team building games,20-30 minutes,2024-12-05T02:59:32.183000+00:00
e576f060-28d0-4506-8c22-a2b9afcb06ee,Class 7O,72,37,HAPPY,1.0,4.46,0.001,stable,HIGH,Group discussion; Creative projects; Peer teaching; Team building games,5-15 minutes,2025-03-07T04:14:45.541000+00:00
e9f9ce7a-3b34-46ab-9bec-652a8d2569a4,Class 8G,72,33,HAPPY,0.605,4.28,0.028,declining,HIGH,Group discussion; Creative projects; Peer teaching; Team building games,5-15 minutes,2025-02-14T03:03:35.822000+00:00
58dfd3b5-d430-4bcf-9b5f-363e901a9590,Class 10V,72,32,HAPPY,0.873,4.53,0.017,improving,HIGH,Group discussion; Creative projects; Peer teaching; Team building games,5-15 minutes,2025-03-07T04:56:50.443000+00:00
2f3f2340-0053-4801-95a5-d1945e74201e,Class 3I,71,35,HAPPY,0.629,3.79,0.007,stable,MEDIUM,Group discussion; Creative projects; Peer teaching; Team building games,20-30 minutes,2025-02-18T04:51:28.423000+00:00
42c0e031-d6bc-4211-9156-4b582c6fa740,Class 10X,71,26,HAPPY,1.0,4.15,0.016,stable,HIGH,Group discussion; Creative projects; Peer teaching; Team building games,5-15 minutes,2025-03-05T04:37:33.808000+00:00
676bf6d2-d3bb-4216-8583-e32a15df415a,Class 4U,70,33,HAPPY,0.611,4.29,0.056,declining,HIGH,Group discussion; Creative projects; Peer teaching; Team building games,5-15 minutes,2025-02-17T03:02:05.227000+00:00
22b8e0f1-5562-4b76-92a7-f3f690b682fc,Class 6Q,70,33,HAPPY,0.647,4.2,0.043,stable,HIGH,Group discussion; Creative projects; Peer teaching; Team building games,5-15 minutes,2025-02-18T02:26:19.298000+00:00
f89ec02e-9007-401b-b8b4-14e3301dcb50,Class 2J,69,33,HAPPY,0.711,4.43,0.067,declining,HIGH,Group discussion; Creative projects; Peer teaching; Team building games,5-15 minutes,2025-02-18T02:56:52.970000+00:00
826b3378-f48c-4936-9409-919c89be2b03,Class 2K,69,33,HAPPY,0.362,3.32,0.0,declining,HIGH,Group discussion; Creative projects; Peer teaching; Team building games,20-30 minutes,2024-11-13T03:59:32.437000+00:00
fe8e3f4b-3537-4aa2-a021-936a10710be4,Class 3V,69,30,HAPPY,0.416,3.93,0.0,declining,HIGH,Group discussion; Creative projects; Peer teaching; Team building games,20-30 minutes,2024-11-13T02:59:32.602000+00:00
e9efcb65-ded9-4bfd-96b3-b11551b11a8c,Class 7G,69,33,HAPPY,0.582,3.93,0.073,declining,HIGH,Group discussion; Creative projects; Peer teaching; Team building games,20-30 minutes,2025-02-19T05:03:08.176000+00:00
126298ef-9347-4a28-91fa-16dc37e1b831,Class 7T,69,26,HAPPY,0.532,2.97,0.001,improving,MEDIUM,Group discussion; Creative projects; Peer teaching; Team building games,20-30 minutes,2024-11-12T04:11:43.418000+00:00
3d110e80-a33d-4672-856d-af7c5779e500,Class 12E,68,32,HAPPY,0.659,4.38,0.081,stable,HIGH,Group discussion; Creative projects; Peer teaching; Team building games,5-15 minutes,2025-02-18T03:14:16.123000+00:00
e881562b-d59e-42f7-9a2d-bd851581d8b6,Class 9L,68,33,HAPPY,0.573,4.24,0.039,declining,HIGH,Group discussion; Creative projects; Peer teaching; Team building games,5-15 minutes,2025-02-20T05:25:59.309000+00:00
8a804ebc-f31d-4eac-a50d-16a4c4b757d6,Class 11B,68,33,HAPPY,0.649,4.1,0.086,declining,HIGH,Group discussion; Creative projects; Peer teaching; Team building games,5-15 minutes,2025-02-18T07:27:28.746000+00:00
512c0d6a-a8db-45bc-adb8-073e39f39316,Class 5Y,67,33,HAPPY,0.687,3.99,0.073,stable,MEDIUM,Group discussion; Creative projects; Peer teaching; Team building games,20-30 minutes,2025-02-18T03:23:48.355000+00:00
8db54f81-657e-499b-b862-cc4d7c1ccc2d,Class 7Y,67,34,HAPPY,0.383,3.34,0.058,declining,HIGH,Group discussion; Creative projects; Peer teaching; Team building games,20-30 minutes,2025-02-18T03:20:22.443000+00:00
3ee39f2e-59db-4534-9b59-4f7bf40b87bd,Class 3U,67,33,HAPPY,0.696,4.2,0.045,stable,HIGH,Group discussion; Creative projects; Peer teaching; Team building games,5-15 minutes,2025-02-18T09:35:44.935000+00:00
2fd71a7b-371f-4eed-bb2f-e95bc0c2cbef,Class 6T,67,32,HAPPY,0.649,4.2,0.048,stable,HIGH,Group discussion; Creative projects; Peer teaching; Team building games,5-15 minutes,2025-02-18T05:02:53.766000+00:00
08b38d40-adc2-43e2-8a34-f18de7ea003a,Class 6B,67,33,HAPPY,0.692,3.93,0.06,declining,HIGH,Group discussion; Creative projects; Peer teaching; Team building games,20-30 minutes,2025-02-20T11:03:49.354000+00:00
d4dfc2af-0a84-46c0-9166-f4917289826e,Class 7Q,67,32,HAPPY,0.599,3.87,0.01,declining,HIGH,Group discussion; Creative projects; Peer teaching; Team building games,20-30 minutes,2025-02-20T05:15:06.358000+00:00
d2d27614-5827-4fdd-9129-0012c493f4b8,Class 2H,67,33,HAPPY,0.593,4.12,0.072,declining,HIGH,Group discussion; Creative projects; Peer teaching; Team building games,5-15 minutes,2025-02-20T02:53:51.049000+00:00
8361b8cb-7f59-404e-85b5-4791381c30ca,Class 8I,66,32,HAPPY,0.662,4.2,0.039,declining,HIGH,Group discussion; Creative projects; Peer teaching; Team building games,5-15 minutes,2025-02-20T09:54:08.150000+00:00
a2cfabe0-cbfc-4444-8655-8c0cbe46b327,Class 8W,66,33,HAPPY,0.596,3.8,0.042,stable,MEDIUM,Group discussion; Creative projects; Peer teaching; Team building games,20-30 minutes,2025-02-18T05:04:04.232000+00:00
f5f25ff2-77e7-4dbf-be63-d2d053f0c1a3,Class 6S,66,34,HAPPY,0.723,4.44,0.043,stable,HIGH,Group discussion; Creative projects; Peer teaching; Team building games,5-15 minutes,2025-02-20T05:19:04.375000+00:00
e30ed20b-edbc-4541-b6e7-858ce6baf59e,Class 1R,66,33,HAPPY,0.522,3.9,0.036,stable,MEDIUM,Group discussion; Creative projects; Peer teaching; Team building games,20-30 minutes,2025-02-18T03:11:15.214000+00:00
1aa6aa1b-f790-4782-a1d0-8959d43978f2,Class 7X,66,32,HAPPY,0.741,4.06,0.045,stable,HIGH,Group discussion; Creative projects; Peer teaching; Team building games,5-15 minutes,2025-02-18T10:32:36.024000+00:00
a5d0fbad-90dc-4b5a-89a7-94168bf87e96,Class 2Z,66,34,HAPPY,1.0,3.54,0.078,stable,HIGH,Group discussion; Creative projects; Peer teaching; Team building games,20-30 minutes,2025-02-18T03:10:04.997000+00:00
fb6e5da7-2f88-4077-82c1-681b19e1ef9b,Class 3M,66,28,HAPPY,0.437,3.61,0.0,improving,MEDIUM,Group discussion; Creative projects; Peer teaching; Team building games,20-30 minutes,2024-12-11T03:52:57.270000+00:00
dcb6b93b-a108-4d89-b986-35ab300f3a59,Class 1G,65,33,HAPPY,0.843,4.54,0.047,stable,HIGH,Group discussion; Creative projects; Peer teaching; Team building games,5-15 minutes,2025-02-18T05:08:34.048000+00:00
6f096a59-024a-4d69-85cf-ddc29d6b7339,Class 2Z,65,33,HAPPY,0.563,4.17,0.096,declining,HIGH,Group discussion; Creative projects; Peer teaching; Team building games,5-15 minutes,2025-02-18T03:19:45.281000+00:00
39f9d101-adf0-4ec4-b1a0-ad2d0c62d0b1,Class 4D,65,33,HAPPY,0.877,4.26,0.027,declining,HIGH,Group discussion; Creative projects; Peer teaching; Team building games,5-15 minutes,2025-02-18T09:52:40.459000+00:00
be0e4492-7811-4157-b58a-9e24715b3a01,Class 6W,65,33,HAPPY,0.528,3.83,0.047,declining,HIGH,Group discussion; Creative projects; Peer teaching; Team building games,20-30 minutes,2025-02-18T03:09:16.389000+00:00
48e557a1-8f75-4e26-b1c0-2ffe631808c9,Class 10R,65,31,HAPPY,0.526,3.34,0.098,declining,HIGH,Group discussion; Creative projects; Peer teaching; Team building games,20-30 minutes,2025-02-20T03:10:28.044000+00:00
b111852b-62fd-487a-a9dc-c8f1cbb53c93,Class 7N,65,32,HAPPY,0.661,3.82,0.008,stable,MEDIUM,Group discussion; Creative projects; Peer teaching; Team building games,20-30 minutes,2025-02-18T06:57:30.132000+00:00
50f06a49-e943-40d0-a47d-0e30cea6058b,Class 10S,64,31,HAPPY,0.726,3.72,0.045,stable,MEDIUM,Group discussion; Creative projects; Peer teaching; Team building games,20-30 minutes,2025-02-18T06:42:56.248000+00:00
f7df1b8f-8565-4c5d-b49f-cc3f24eb13b6,Class 1H,64,34,HAPPY,0.603,4.32,0.1,declining,HIGH,Group discussion; Creative projects; Peer teaching; Team building games,5-15 minutes,2025-02-17T03:10:35.511000+00:00
80fd7b59-bdc4-4ccc-b3a9-c8c18b4d9f45,Class 12Q,64,32,HAPPY,0.685,4.09,0.062,stable,HIGH,Group discussion; Creative projects; Peer teaching; Team building games,5-15 minutes,2025-02-20T03:10:20.690000+00:00
e970f862-82cd-4b81-a0e7-974e8ed4c1f7,Class 8F,64,33,HAPPY,0.643,4.23,0.049,stable,HIGH,Group discussion; Creative projects; Peer teaching; Team building games,5-15 minutes,2025-02-20T05:08:04.099000+00:00
5fc97436-66b8-4a41-9247-3e2426e98abd,Class 11V,63,32,HAPPY,0.546,3.82,0.062,declining,HIGH,Group discussion; Creative projects; Peer teaching; Team building games,20-30 minutes,2025-02-18T03:20:32.749000+00:00
03b1be81-7d06-4331-9f82-0b1fbb16ff1f,Class 7J,63,33,HAPPY,0.439,3.48,0.058,declining,HIGH,Group discussion; Creative projects; Peer teaching; Team building games,20-30 minutes,2025-02-19T03:20:01.613000+00:00
903fb8c2-cc40-482b-ae1b-6f7bbd6d349e,Class 1Q,63,33,HAPPY,0.518,2.84,0.028,improving,MEDIUM,Group discussion; Creative projects; Peer teaching; Team building games,20-30 minutes,2025-02-20T03:14:24.843000+00:00
d8cda8fe-f4ac-497e-872f-b1fcfc938ac7,Class 3C,63,32,HAPPY,0.58,4.22,0.057,stable,HIGH,Group discussion; Creative projects; Peer teaching; Team building games,5-15 minutes,2025-02-18T03:37:00.953000+00:00
f5a7388c-8a1c-402e-b330-b0a8a1ca3ea0,Class 9P,63,33,HAPPY,0.678,4.14,0.037,declining,HIGH,Group discussion; Creative projects; Peer teaching; Team building games,5-15 minutes,2025-02-20T05:07:33.899000+00:00
2ce0bbf2-335f-4a5c-9085-3f76fc830b71,Class 2H,63,32,HAPPY,0.478,3.49,0.004,declining,HIGH,Group discussion; Creative projects; Peer teaching; Team building games,20-30 minutes,2025-02-20T04:26:05.050000+00:00
d69c29bf-b89e-4d8f-bea0-4ed3561c1526,Class 9T,63,34,HAPPY,0.583,3.68,0.0,improving,MEDIUM,Group discussion; Creative projects; Peer teaching; Team building games,20-30 minutes,2024-10-28T04:14:55.871000+00:00
95cc971e-a8d6-44ab-b453-964152f84e80,Class 9X,62,33,HAPPY,0.519,3.71,0.049,stable,MEDIUM,Group discussion; Creative projects; Peer teaching; Team building games,20-30 minutes,2025-02-17T03:02:00.014000+00:00
68729857-2865-4892-a072-fda4ff0d2f12,Class 2B,61,32,HAPPY,0.529,3.65,0.0,declining,HIGH,Group discussion; Creative projects; Peer teaching; Team building games,20-30 minutes,2025-01-21T04:59:02.491000+00:00
ff54b582-e163-4e5c-a7c4-687dd9f4ec61,Class 2T,61,33,HAPPY,0.748,3.92,0.06,declining,HIGH,Group discussion; Creative projects; Peer teaching; Team building games,20-30 minutes,2025-02-19T05:07:33.590000+00:00
bdc78ff4-938c-4549-9e01-039a2c70f920,Class 4C,61,32,HAPPY,0.441,3.56,0.049,stable,MEDIUM,Group discussion; Creative projects; Peer teaching; Team building games,20-30 minutes,2025-02-11T03:01:10.554000+00:00
910a01d8-4593-46be-b990-9c891d28c022,Class 7E,60,39,HAPPY,1.0,4.31,0.085,stable,HIGH,Group discussion; Creative projects; Peer teaching; Team building games,5-15 minutes,2025-03-07T04:11:30.023000+00:00
bdc4f5c9-8c09-4dc3-9d83-1015b3590270,Class 6S,60,34,HAPPY,0.738,4.24,0.027,declining,HIGH,Group discussion; Creative projects; Peer teaching; Team building games,5-15 minutes,2025-02-18T12:04:49.148000+00:00
3a86dc44-1468-4f87-9b21-b338fa07ad24,Class 11N,60,45,HAPPY,1.0,4.34,0.0,stable,HIGH,Group discussion; Creative projects; Peer teaching; Team building games,5-15 minutes,2025-03-07T04:59:06.482000+00:00
cbb85bee-c927-402e-9a30-a237ae8223d5,Class 6U,60,29,HAPPY,0.537,3.27,0.003,stable,MEDIUM,Group discussion; Creative projects; Peer teaching; Team building games,20-30 minutes,2025-02-14T02:29:29.285000+00:00
588dd921-7128-4160-9c3b-d0e5f8ac6f17,Class 2J,60,35,HAPPY,0.484,3.79,0.08,stable,MEDIUM,Group discussion; Creative projects; Peer teaching; Team building games,20-30 minutes,2025-02-20T03:07:13.748000+00:00
b7e13ea3-3de2-42e9-9432-b19c901f5762,Class 1A,60,33,HAPPY,0.421,3.57,0.0,declining,HIGH,Group discussion; Creative projects; Peer teaching; Team building games,20-30 minutes,2025-02-20T03:13:10.310000+00:00
c72e5d5b-5cde-427b-8065-4242aadc8b47,Class 11B,59,32,HAPPY,0.484,3.24,0.034,stable,MEDIUM,Group discussion; Creative projects; Peer teaching; Team building games,20-30 minutes,2024-12-04T04:02:37.928000+00:00
fb274e23-5d67-4aac-83ab-e34877d196ac,Class 11O,59,36,HAPPY,0.638,3.08,0.009,improving,MEDIUM,Group discussion; Creative projects; Peer teaching; Team building games,20-30 minutes,2025-02-12T08:14:03.943000+00:00
bcf90299-b877-486a-b289-793572b78991,Class 2X,59,32,HAPPY,0.642,4.1,0.062,stable,HIGH,Group discussion; Creative projects; Peer teaching; Team building games,5-15 minutes,2025-02-18T03:00:17.474000+00:00
279c47bd-2143-47d5-bdc1-1bc6b9d888ab,Class 5G,58,34,HAPPY,0.666,4.21,0.013,improving,HIGH,Group discussion; Creative projects; Peer teaching; Team building games,5-15 minutes,2025-02-20T09:19:44.802000+00:00
c295a990-ee0a-47f3-b103-a452c671ed3d,Class 9B,58,32,HAPPY,0.44,3.52,0.0,declining,HIGH,Group discussion; Creative projects; Peer teaching; Team building games,20-30 minutes,2024-12-16T03:29:32.800000+00:00
7c4b5ad7-d369-4254-8c96-80d060b83231,Class 12I,58,32,HAPPY,0.576,4.16,0.069,stable,HIGH,Group discussion; Creative projects; Peer teaching; Team building games,5-15 minutes,2025-02-04T05:28:46.041000+00:00
85d48556-f620-4003-9f56-fbd34a0ab2c0,Class 10Z,58,35,HAPPY,0.476,3.59,0.06,improving,MEDIUM,Group discussion; Creative projects; Peer teaching; Team building games,20-30 minutes,2025-02-18T06:30:58.246000+00:00
40a6dd56-f712-47c6-a271-3db8c879292b,Class 9X,58,33,HAPPY,0.481,3.53,0.066,declining,HIGH,Group discussion; Creative projects; Peer teaching; Team building games,20-30 minutes,2025-02-18T03:19:58.519000+00:00
19f12404-7be2-472d-9103-c097e077ff3e,Class 8H,58,32,HAPPY,0.731,4.37,0.047,declining,HIGH,Group discussion; Creative projects; Peer teaching; Team building games,5-15 minutes,2025-02-20T05:10:10.477000+00:00
fbbef7ce-9630-4cec-b684-96433dea9a5b,Class 12S,58,34,HAPPY,0.502,3.39,0.066,stable,MEDIUM,Group discussion; Creative projects; Peer teaching; Team building games,20-30 minutes,2025-02-20T07:17:07.301000+00:00
3913281e-ba41-4acb-8e78-8cdfe1a9b873,Class 8Z,57,29,HAPPY,0.54,3.26,0.0,declining,HIGH,Group discussion; Creative projects; Peer teaching; Team building games,20-30 minutes,2024-12-11T02:59:31.965000+00:00
212c34b0-7670-49ae-a8c9-39442d841d57,Class 7E,57,36,HAPPY,0.505,3.71,0.036,stable,MEDIUM,Group discussion; Creative projects; Peer teaching; Team building games,20-30 minutes,2025-02-14T02:29:29.940000+00:00
e80719ec-a709-494a-903a-b7ea51887634,Class 6H,57,32,HAPPY,0.405,4.04,0.043,stable,HIGH,Group discussion; Creative projects; Peer teaching; Team building games,5-15 minutes,2025-02-18T03:09:44.348000+00:00
cdd70ff6-5e3f-45fd-8747-925734ccfbd4,Class 7A,57,31,HAPPY,0.556,3.99,0.012,declining,HIGH,Group discussion; Creative projects; Peer teaching; Team building games,20-30 minutes,2025-02-18T03:08:02.539000+00:00
1b5db42e-754b-433e-906e-0a84121cb020,Class 6O,56,36,HAPPY,0.534,3.5,0.106,stable,MEDIUM,Group discussion; Creative projects; Peer teaching; Team building games,20-30 minutes,2025-02-11T03:13:48.928000+00:00
cd604235-92d6-40e2-bc92-c5e843c7ba38,Class 6H,56,32,HAPPY,0.631,3.9,0.005,declining,HIGH,Group discussion; Creative projects; Peer teaching; Team building games,20-30 minutes,2025-02-18T06:52:52.712000+00:00
7b78186f-f1be-46ce-a67b-66215cbc9d58,Class 10D,56,33,HAPPY,0.358,3.38,0.048,declining,HIGH,Group discussion; Creative projects; Peer teaching; Team building games,20-30 minutes,2025-02-13T03:07:33.490000+00:00
392e31e4-654a-40bf-ae71-c1c2f04c935e,Class 9G,56,34,HAPPY,0.634,3.61,0.061,declining,HIGH,Group discussion; Creative projects; Peer teaching; Team building games,20-30 minutes,2025-02-20T03:09:02.168000+00:00
f9ed5421-9ade-4839-bac3-d610a4a174c3,Class 11J,56,39,HAPPY,1.0,4.51,0.0,stable,HIGH,Group discussion; Creative projects; Peer teaching; Team building games,5-15 minutes,2025-02-21T04:29:29.291000+00:00
a75a67f5-632c-4963-b067-480d401b5b23,Class 11T,56,34,HAPPY,0.486,3.74,0.076,stable,MEDIUM,Group discussion; Creative projects; Peer teaching; Team building games,20-30 minutes,2025-02-19T03:31:07.016000+00:00
8fc617e2-45e9-4fe6-b3b3-12de48ebf407,Class 4H,56,31,HAPPY,0.507,3.23,0.116,declining,HIGH,Group discussion; Creative projects; Peer teaching; Team building games,20-30 minutes,2025-02-20T03:11:11.849000+00:00
1d851844-db0c-49cf-8283-b293b3fa64f5,Class 2P,56,32,HAPPY,0.533,4.07,0.055,declining,HIGH,Group discussion; Creative projects; Peer teaching; Team building games,5-15 minutes,2025-02-18T05:07:56.044000+00:00
66e3ef68-feea-479e-b1c1-0980a65a2f2f,Class 2C,55,33,HAPPY,0.602,3.79,0.006,stable,MEDIUM,Group discussion; Creative projects; Peer teaching; Team building games,20-30 minutes,2025-02-20T09:40:54.214000+00:00
725d3039-d187-410f-9794-cb07e446b9e1,Class 4S,55,33,HAPPY,0.546,3.84,0.071,declining,HIGH,Group discussion; Creative projects; Peer teaching; Team building games,20-30 minutes,2025-02-19T04:02:03.889000+00:00
273d8866-18ed-42d7-86c4-5f64d30fc27b,Class 10I,55,35,HAPPY,0.581,3.9,0.08,stable,MEDIUM,Group discussion; Creative projects; Peer teaching; Team building games,20-30 minutes,2025-02-14T04:52:49.037000+00:00
22ebf60e-3dd1-4cf1-b4d0-641f7ff3eca2,Class 3Z,54,37,HAPPY,0.644,3.43,0.003,stable,MEDIUM,Group discussion; Creative projects; Peer teaching; Team building games,20-30 minutes,2025-02-12T07:40:01.005000+00:00
c540d4c4-af00-4d65-a4e0-232623751a49,Class 11M,54,32,HAPPY,0.998,3.89,0.0,stable,HIGH,Group discussion; Creative projects; Peer teaching; Team building games,20-30 minutes,2025-03-07T04:29:15.849000+00:00
02420a7b-321a-41a4-aeba-0b347d1590b1,Class 9T,54,34,HAPPY,0.5,3.65,0.032,declining,HIGH,Group discussion; Creative projects; Peer teaching; Team building games,20-30 minutes,2025-02-20T09:13:04.403000+00:00
fd3ec4ef-6134-4a78-b2ad-ce0b44bea9cc,Class 10X,53,32,HAPPY,0.429,3.7,0.068,declining,HIGH,Group discussion; Creative projects; Peer teaching; Team building games,20-30 minutes,2025-02-07T03:10:57.472000+00:00
fe97b782-788b-4ad6-b468-365f61b3f2a3,Class 7K,53,36,HAPPY,0.501,3.46,0.0,stable,MEDIUM,Group discussion; Creative projects; Peer teaching; Team building games,20-30 minutes,2025-02-07T02:29:29.448000+00:00
261d40cc-954c-4b5e-840e-aee102041849,Class 11B,53,33,HAPPY,0.544,3.86,0.08,improving,MEDIUM,Group discussion; Creative projects; Peer teaching; Team building games,20-30 minutes,2025-01-28T03:02:28.945000+00:00
49986fee-91ba-430e-8bf0-a1b4f383523a,Class 4N,51,33,HAPPY,0.452,3.61,0.033,declining,HIGH,Group discussion; Creative projects; Peer teaching; Team building games,20-30 minutes,2025-02-10T06:43:16.384000+00:00
94a7e431-3862-446b-9938-cddeb7f247d9,Class 9A,51,33,HAPPY,0.45,3.55,0.055,declining,HIGH,Group discussion; Creative projects; Peer teaching; Team building games,20-30 minutes,2025-02-19T03:04:25.504000+00:00
0b3acd25-192e-4461-ae18-0cd8dc9ba530,Class 12Y,51,32,HAPPY,0.961,4.39,0.0,improving,HIGH,Group discussion; Creative projects; Peer teaching; Team building games,5-15 minutes,2025-02-18T04:12:18.472000+00:00
f241ee2b-ab67-4dfe-a18c-66e597d7af30,Class 10S,51,30,HAPPY,0.587,3.83,0.032,improving,MEDIUM,Group discussion; Creative projects; Peer teaching; Team building games,20-30 minutes,2025-02-13T04:35:51.840000+00:00
dca2c7c8-d916-417f-8e34-698a27e69354,Class 12J,51,33,HAPPY,0.466,3.68,0.015,improving,MEDIUM,Group discussion; Creative projects; Peer teaching; Team building games,20-30 minutes,2025-02-20T03:14:49.446000+00:00
1bb14de3-a0e6-4748-addc-d3d060add018,Class 4G,50,30,HAPPY,0.62,3.73,0.052,improving,MEDIUM,Group discussion; Creative projects; Peer teaching; Team building games,20-30 minutes,2025-02-11T03:27:00.844000+00:00
90a628bc-f763-4081-b784-d1cd54cd0836,Class 3M,50,32,HAPPY,0.768,3.76,0.038,improving,MEDIUM,Group discussion; Creative projects; Peer teaching; Team building games,20-30 minutes,2025-02-03T04:09:57.942000+00:00
13f813a7-d654-4252-bb3a-edba616af4d8,Class 9L,49,33,HAPPY,0.447,3.4,0.0,declining,HIGH,Group discussion; Creative projects; Peer teaching; Team building games,20-30 minutes,2025-02-18T06:10:40.300000+00:00
3c6cd043-c05f-44da-8fc5-0a83fe1847ee,Class 12D,49,34,HAPPY,0.566,3.95,0.031,declining,HIGH,Group discussion; Creative projects; Peer teaching; Team building games,20-30 minutes,2025-01-28T04:56:16.321000+00:00
a47f3b94-a4da-4fac-8de4-bda766bc48bf,Class 9Z,49,37,HAPPY,0.527,3.38,0.084,declining,HIGH,Group discussion; Creative projects; Peer teaching; Team building games,20-30 minutes,2024-12-06T06:59:30.156000+00:00
84902326-a535-42cd-8454-dd264d869baf,Class 9Z,48,33,HAPPY,0.651,3.72,0.012,stable,MEDIUM,Group discussion; Creative projects; Peer teaching; Team building games,20-30 minutes,2025-01-22T05:10:23.510000+00:00
c00369f9-5ac9-4c0b-abd1-5f64c154100d,Class 9D,48,32,HAPPY,0.766,4.25,0.0,improving,HIGH,Group discussion; Creative projects; Peer teaching; Team building games,5-15 minutes,2025-03-05T04:05:28.645000+00:00
a9567232-7502-46e6-b29b-2632217f60f3,Class 4L,47,30,HAPPY,0.395,3.67,0.026,declining,HIGH,Group discussion; Creative projects; Peer teaching; Team building games,20-30 minutes,2025-01-28T03:06:11.667000+00:00
7b3c2b1e-62e5-4d1b-bf7d-529d0ddfe713,Class 4D,47,31,HAPPY,0.595,3.55,0.0,declining,HIGH,Group discussion; Creative projects; Peer teaching; Team building games,20-30 minutes,2024-11-12T01:59:30.010000+00:00
40224178-b0a1-442a-9b78-b08413f48d00,Class 4G,47,20,HAPPY,0.683,3.09,0.0,improving,MEDIUM,Group discussion; Creative projects; Peer teaching; Team building games,20-30 minutes,2025-02-12T07:21:43.383000+00:00
cb8d692f-e790-4680-86ae-03d16ce65907,Class 8P,47,35,HAPPY,0.665,3.29,0.002,stable,MEDIUM,Group discussion; Creative projects; Peer teaching; Team building games,20-30 minutes,2025-02-12T09:36:03.777000+00:00
3b20d03e-dbb5-4509-9e50-c73b2b7fd127,Class 9B,47,31,HAPPY,0.55,3.75,0.0,declining,HIGH,Group discussion; Creative projects; Peer teaching; Team building games,20-30 minutes,2025-02-11T08:31:57.225000+00:00
f428a898-3ce0-4c6e-89b1-5034f9f2aaee,Class 9B,46,25,HAPPY,0.338,3.68,0.049,declining,HIGH,Group discussion; Creative projects; Peer teaching; Team building games,20-30 minutes,2025-01-28T05:16:17.860000+00:00
cf9257e6-e9d1-4bc8-90e4-dcba3993ff40,Class 4R,46,30,HAPPY,0.391,3.45,0.018,stable,MEDIUM,Group discussion; Creative projects; Peer teaching; Team building games,20-30 minutes,2025-01-31T04:13:34.048000+00:00
e9acd37a-2a2f-4cb9-aa0f-d5746cd79337,Class 7O,46,33,HAPPY,0.48,3.48,0.059,declining,HIGH,Group discussion; Creative projects; Peer teaching; Team building games,20-30 minutes,2025-02-05T03:01:20.895000+00:00
a06763cb-0939-4104-a677-a8f31db922b9,Class 4Y,46,33,HAPPY,0.623,4.08,0.058,improving,HIGH,Group discussion; Creative projects; Peer teaching; Team building games,5-15 minutes,2025-02-03T04:10:04.265000+00:00
07d656ef-6353-4f04-a686-a74cf6b22139,Class 1V,45,39,HAPPY,0.635,3.23,0.0,stable,MEDIUM,Group discussion; Creative projects; Peer teaching; Team building games,20-30 minutes,2024-12-09T05:11:11.652000+00:00
a2bce809-bdb7-42ef-8943-662c265c0fde,Class 2K,45,24,HAPPY,0.457,3.7,0.001,declining,HIGH,Group discussion; Creative projects; Peer teaching; Team building games,20-30 minutes,2025-01-28T03:07:34.391000+00:00
4c7b9963-0290-4036-8d5d-2eba4cc26b66,Class 8Q,45,40,HAPPY,0.652,3.64,0.0,stable,MEDIUM,Group discussion; Creative projects; Peer teaching; Team building games,20-30 minutes,2025-01-10T02:59:29.623000+00:00
05805c48-1245-4212-ad89-4232760d2794,Class 7T,45,30,HAPPY,0.447,3.38,0.074,declining,HIGH,Group discussion; Creative projects; Peer teaching; Team building games,20-30 minutes,2025-01-28T03:05:13.797000+00:00
3d9922cd-90c5-4fad-8e79-d27c30569ead,Class 2Y,45,32,HAPPY,0.636,3.26,0.051,declining,HIGH,Group discussion; Creative projects; Peer teaching; Team building games,20-30 minutes,2024-12-13T04:37:32.741000+00:00
5285b7a7-1b0a-45a6-be99-fe015e779d9b,Class 10A,45,33,HAPPY,0.433,3.56,0.043,declining,HIGH,Group discussion; Creative projects; Peer teaching; Team building games,20-30 minutes,2025-02-19T03:07:45.986000+00:00
53183118-3ee6-4ced-a9f6-4316f5f0872f,Class 9X,45,37,HAPPY,0.814,3.99,0.0,improving,HIGH,Group discussion; Creative projects; Peer teaching; Team building games,20-30 minutes,2025-02-14T02:59:29.616000+00:00
e165099e-23ca-43fb-a8e5-00c983db1ddf,Class 6W,45,34,HAPPY,0.381,3.59,0.068,stable,MEDIUM,Group discussion; Creative projects; Peer teaching; Team building games,20-30 minutes,2025-02-11T03:05:18.517000+00:00
2a89ec9f-3334-4d3c-bd84-dd03f2e2664a,Class 3T,44,37,HAPPY,0.606,3.29,0.0,improving,MEDIUM,Group discussion; Creative projects; Peer teaching; Team building games,20-30 minutes,2025-02-12T07:19:34.263000+00:00
b91089fd-aca8-4805-8204-a7aa766fb9ba,Class 12P,44,35,HAPPY,0.584,3.04,0.0,declining,HIGH,Group discussion; Creative projects; Peer teaching; Team building games,20-30 minutes,2025-02-19T10:32:51.241000+00:00
b782f715-6e96-4812-95e2-f2633033ec07,Class 3K,44,33,HAPPY,0.636,3.16,0.022,declining,HIGH,Group discussion; Creative projects; Peer teaching; Team building games,20-30 minutes,2024-11-08T02:59:32.723000+00:00
890da21b-6123-47e7-b3af-7d7a17628808,Class 5A,44,27,HAPPY,0.431,3.56,0.034,declining,HIGH,Group discussion; Creative projects; Peer teaching; Team building games,20-30 minutes,2024-12-12T04:50:05.011000+00:00
0a9f030c-0aa2-4f31-b6cb-bd85fe97bf86,Class 6K,44,31,HAPPY,0.481,3.61,0.053,declining,HIGH,Group discussion; Creative projects; Peer teaching; Team building games,20-30 minutes,2025-01-31T03:07:37.348000+00:00
aae23439-0ad7-4125-b52f-65eaea92516d,Class 6R,44,25,HAPPY,0.485,3.88,0.009,stable,MEDIUM,Group discussion; Creative projects; Peer teaching; Team building games,20-30 minutes,2024-12-10T03:03:31.611000+00:00
ad920226-c0d7-4875-8101-df2810c4ac08,Class 8N,44,33,HAPPY,0.632,3.57,0.116,stable,MEDIUM,Group discussion; Creative projects; Peer teaching; Team building games,20-30 minutes,2025-02-19T07:49:58.333000+00:00
b76e11fb-efc2-4c24-8648-4480d96d4973,Class 11W,44,28,HAPPY,0.511,3.5,0.047,improving,MEDIUM,Group discussion; Creative projects; Peer teaching; Team building games,20-30 minutes,2024-12-12T04:50:29.687000+00:00
c9bc7edd-f980-417b-91e5-19c90e85d78d,Class 10O,44,28,HAPPY,0.693,2.81,0.0,stable,MEDIUM,Group discussion; Creative projects; Peer teaching; Team building games,20-30 minutes,2024-12-13T06:40:08.886000+00:00
c2cc2cfe-3907-4240-8f58-7aab8d611400,Class 10W,43,14,HAPPY,0.707,3.82,0.0,stable,MEDIUM,Group discussion; Creative projects; Peer teaching; Team building games,20-30 minutes,2024-11-12T08:40:59.935000+00:00
504dc4af-b996-420c-9f4a-3604e644d8f8,Class 3U,42,36,HAPPY,0.573,3.72,0.0,declining,HIGH,Group discussion; Creative projects; Peer teaching; Team building games,20-30 minutes,2025-01-22T07:09:33.577000+00:00
6879075e-9df4-4ffc-bc66-76ba9f1782cf,Class 9O,42,22,HAPPY,0.626,3.97,0.124,improving,MEDIUM,Group discussion; Creative projects; Peer teaching; Team building games,20-30 minutes,2024-11-11T03:00:22.076000+00:00
177bd02d-3069-4107-aa55-b4e87385943a,Class 7J,42,30,HAPPY,0.657,4.43,0.0,declining,HIGH,Group discussion; Creative projects; Peer teaching; Team building games,5-15 minutes,2025-02-06T05:19:15.170000+00:00
20501ca1-8951-412e-9d24-62c1ca644533,Class 6S,41,32,HAPPY,0.989,3.83,0.0,stable,HIGH,Group discussion; Creative projects; Peer teaching; Team building games,20-30 minutes,2025-01-24T03:11:45.577000+00:00
5b70b9f5-d8b8-4eb9-9aa8-c2a974db9418,Class 2R,41,35,HAPPY,0.514,3.44,0.006,declining,HIGH,Group discussion; Creative projects; Peer teaching; Team building games,20-30 minutes,2025-01-24T02:59:29.487000+00:00
cf15decc-2d02-4116-a35e-7c6167017f86,Class 2K,41,33,HAPPY,0.539,3.6,0.064,declining,HIGH,Group discussion; Creative projects; Peer teaching; Team building games,20-30 minutes,2025-01-21T03:11:27.694000+00:00
410acbc2-e96f-4a91-ad91-005371d230de,Class 7J,41,29,HAPPY,0.582,3.34,0.0,stable,MEDIUM,Group discussion; Creative projects; Peer teaching; Team building games,20-30 minutes,2024-12-13T06:50:18.449000+00:00
fca72965-dc09-483b-a2f2-bc8245760215,Class 2P,40,27,HAPPY,0.301,3.16,0.066,declining,HIGH,Group discussion; Creative projects; Peer teaching; Team building games,20-30 minutes,2024-11-11T03:03:20.217000+00:00
f4b8813f-9b87-4715-a5f8-5ed0a09e2473,Class 10H,40,19,HAPPY,0.601,3.7,0.0,declining,HIGH,Group discussion; Creative projects; Peer teaching; Team building games,20-30 minutes,2024-12-13T03:07:56.562000+00:00
9ba90051-e21c-46dd-94a7-31dde4c9809e,Class 2U,40,34,HAPPY,0.673,3.33,0.006,declining,HIGH,Group discussion; Creative projects; Peer teaching; Team building games,20-30 minutes,2025-02-12T07:12:17.907000+00:00
83462280-60dc-47b2-ad7f-2f38cfa4c14b,Class 12P,40,27,HAPPY,0.555,3.2,0.002,declining,HIGH,Group discussion; Creative projects; Peer teaching; Team building games,20-30 minutes,2024-12-04T04:59:21.460000+00:00
65b89fb6-788b-4cf0-b0b4-5c3c538c6add,Class 8B,40,39,HAPPY,0.757,2.97,0.07,stable,MEDIUM,Group discussion; Creative projects; Peer teaching; Team building games,20-30 minutes,2024-12-11T09:35:32.655000+00:00
7f6eb50a-9673-4c36-b180-1afd9038ccb6,Class 6M,39,41,HAPPY,0.597,2.94,0.0,stable,MEDIUM,Group discussion; Creative projects; Peer teaching; Team building games,20-30 minutes,2024-11-08T01:59:32.932000+00:00
f7924d4a-2fb5-4131-9ce3-c62f52aad0cf,Class 7Q,39,33,HAPPY,0.563,3.15,0.05,declining,HIGH,Group discussion; Creative projects; Peer teaching; Team building games,20-30 minutes,2025-02-07T06:53:47.771000+00:00
5ae2f1c4-9e19-4b3b-9d0d-168e968774b7,Class 8I,38,20,HAPPY,0.737,3.75,0.0,stable,MEDIUM,Group discussion; Creative projects; Peer teaching; Team building games,20-30 minutes,2024-12-13T06:55:17.493000+00:00
c43ddc23-244a-43c3-94d0-7a9ab1d1f166,Class 2J,38,36,HAPPY,0.573,3.53,0.022,declining,HIGH,Group discussion; Creative projects; Peer teaching; Team building games,20-30 minutes,2025-02-07T06:29:29.345000+00:00
d389c36a-2468-47b4-aaf8-174568108427,Class 9Z,38,28,HAPPY,0.523,3.51,0.002,declining,HIGH,Group discussion; Creative projects; Peer teaching; Team building games,20-30 minutes,2025-01-29T03:17:52.506000+00:00
7e27f83b-8144-4800-b0f1-00c0a0f1f003,Class 8D,37,33,HAPPY,0.437,2.95,0.001,stable,MEDIUM,Group discussion; Creative projects; Peer teaching; Team building games,20-30 minutes,2024-10-28T03:01:31.402000+00:00
9556a59d-ebac-4fc2-a277-d0662c0a38ea,Class 7Z,37,33,HAPPY,0.677,3.09,0.0,stable,MEDIUM,Group discussion; Creative projects; Peer teaching; Team building games,20-30 minutes,2024-12-06T07:03:11.915000+00:00
524953f3-700d-49e0-94a9-aadc7f8cdd27,Class 4F,37,31,HAPPY,0.592,3.6,0.124,stable,MEDIUM,Group discussion; Creative projects; Peer teaching; Team building games,20-30 minutes,2025-01-13T09:30:36.725000+00:00
eeff87c3-7da8-4489-9826-241175b522f7,Class 7E,37,30,HAPPY,0.994,3.68,0.0,stable,HIGH,Group discussion; Creative projects; Peer teaching; Team building games,20-30 minutes,2024-12-06T06:29:32.097000+00:00
9bd0bd17-48f8-444b-a535-5956cc63c25b,Class 9G,37,35,HAPPY,0.591,4.03,0.06,improving,HIGH,Group discussion; Creative projects; Peer teaching; Team building games,5-15 minutes,2024-12-11T01:59:33.125000+00:00
25edc303-a22f-456e-b851-299d4d27c873,Class 3X,36,40,HAPPY,0.546,3.32,0.133,improving,MEDIUM,Group discussion; Creative projects; Peer teaching; Team building games,20-30 minutes,2025-01-24T07:02:31.898000+00:00
67fa9448-171d-439b-a464-3e70ce0cbd63,Class 5J,35,32,HAPPY,0.397,3.47,0.04,stable,MEDIUM,Group discussion; Creative projects; Peer teaching; Team building games,20-30 minutes,2025-02-13T04:00:48.192000+00:00
dcfa7c05-44dc-4a33-a27c-7dff596eb9bb,Class 8K,34,16,HAPPY,0.509,3.9,0.081,stable,MEDIUM,Group discussion; Creative projects; Peer teaching; Team building games,20-30 minutes,2024-11-07T03:42:41.144000+00:00
00ce8b0e-4ac5-4e30-b87b-a43af7f90d86,Class 5Y,34,32,EXCITED,1.0,4.75,0.0,stable,HIGH,Hands-on experiments; Interactive presentations; Movement breaks; Brainstorming sessions,5-15 minutes,2025-01-14T04:45:43.822000+00:00
d54efb4b-47ee-45a5-9022-0549a000ae03,Class 3D,34,27,HAPPY,0.488,3.32,0.003,stable,MEDIUM,Group discussion; Creative projects; Peer teaching; Team building games,20-30 minutes,2024-11-11T03:06:34.843000+00:00
054c8f1e-13e8-4326-8c66-485fe412b909,Class 5V,33,42,HAPPY,1.0,3.23,0.009,stable,HIGH,Group discussion; Creative projects; Peer teaching; Team building games,20-30 minutes,2024-12-13T06:57:17.272000+00:00
db282507-976f-4ec9-b6f8-4de8c9b790d5,Class 7K,32,33,HAPPY,0.689,3.02,0.09,stable,MEDIUM,Group discussion; Creative projects; Peer teaching; Team building games,20-30 minutes,2024-11-08T06:56:00.477000+00:00
2fdb0838-ff2d-40f5-9595-79ee29162ea6,Class 6D,31,30,HAPPY,0.596,3.32,0.0,improving,MEDIUM,Group discussion; Creative projects; Peer teaching; Team building games,20-30 minutes,2024-11-13T05:29:32.183000+00:00
4b9eb42f-d535-4bcc-8fd9-2f4f4306f80d,Class 6N,30,39,HAPPY,0.606,3.15,0.021,improving,MEDIUM,Group discussion; Creative projects; Peer teaching; Team building games,20-30 minutes,2024-12-06T06:52:05.944000+00:00
605679aa-abf9-4287-9966-f440478025ae,Class 12I,30,28,HAPPY,0.485,3.61,0.0,stable,MEDIUM,Group discussion; Creative projects; Peer teaching; Team building games,20-30 minutes,2024-11-08T01:59:30.415000+00:00
4f0e4de1-f8bd-4b70-b990-27970e4bf7a2,Class 5S,30,26,HAPPY,0.468,3.48,0.079,declining,HIGH,Group discussion; Creative projects; Peer teaching; Team building games,20-30 minutes,2024-11-04T03:09:24.514000+00:00
cb7c171f-c8af-41fe-a068-0959401a25d0,Class 12R,27,35,HAPPY,0.476,3.27,0.091,declining,HIGH,Group discussion; Creative projects; Peer teaching; Team building games,20-30 minutes,2025-01-24T06:05:47.610000+00:00
27058c0c-d084-45cc-8fe2-3bc0ad178b1f,Class 5S,26,31,HAPPY,0.642,2.99,0.0,improving,MEDIUM,Group discussion; Creative projects; Peer teaching; Team building games,20-30 minutes,2024-10-30T11:34:48.708000+00:00
76de24a2-069a-41a6-a34f-b17c070274b3,Class 4F,24,26,HAPPY,0.587,3.56,0.0,declining,HIGH,Group discussion; Creative projects; Peer teaching; Team building games,20-30 minutes,2024-11-05T03:06:12.578000+00:00
2bdf856f-5c5f-46b9-b0e9-b04af63b41e4,Class 10S,23,32,HAPPY,0.579,3.64,0.0,stable,MEDIUM,Group discussion; Creative projects; Peer teaching; Team building games,20-30 minutes,2024-11-08T07:19:02.349000+00:00
0a1ea7ab-4b42-44c7-85cd-733b6e8c7e55,Class 4B,18,40,HAPPY,0.615,3.86,0.0,improving,MEDIUM,Group discussion; Creative projects; Peer teaching; Team building games,20-30 minutes,2025-01-21T05:46:08.210000+00:00
6ba34185-608b-4d32-8dac-d234d3bb4b65,Class 9L,7,29,HAPPY,0.816,3.25,0.0,improving,HIGH,Group discussion; Creative projects; Peer teaching; Team building games,20-30 minutes,2024-09-26T07:42:46.444000+00:00
0406197d-fbd5-4057-a756-2e7d66e586d9,Class 6Z,2,1,HAPPY,0.8,4.0,0.0,insufficient_data,MEDIUM,Group discussion; Creative projects; Peer teaching; Team building games,20-30 minutes,2024-09-27T03:13:00.976000+00:00
